"Path","Slice Name","Alias(s)","Label","Min","Max","Must Support?","Is Modifier?","Is Summary?","Type(s)","Short","Definition","Comments","Requirements","Default Value","Meaning When Missing","Fixed Value","Pattern","Example","Minimum Value","Maximum Value","Maximum Length","Binding Strength","Binding Description","Binding Value Set","Code","Slicing Discriminator","Slicing Description","Slicing Ordered","Slicing Rules","Base Path","Base Min","Base Max","Condition(s)","Constraint(s)","Mapping: Workflow Mapping","Mapping: RIM Mapping","Mapping: W5 Mapping","Mapping: HL7 v2 Mapping"
"CarePlan","","Care Team
","",0,*,"","","","","SHR CarePlan Profile","Describes how one or more practitioners intend to deliver care for a particular patient, group or community for a period of time, possibly limited to care for a specific condition or set of conditions.","","","","","","","","","",,,,,"",,,,"",0,null,"","dom-2:If the resource is contained in another resource, it SHALL NOT contain nested Resources {contained.contained.empty()}
dom-1:If the resource is contained in another resource, it SHALL NOT contain any narrative {contained.text.empty()}dom-4:If a resource is contained in another resource, it SHALL NOT have a meta.versionId or a meta.lastUpdated {contained.meta.versionId.empty() and contained.meta.lastUpdated.empty()}dom-3:If the resource is contained in another resource, it SHALL be referred to from elsewhere in the resource {contained.where(('#'+id in %resource.descendants().reference).not()).empty()}","Request","Entity. Role, or Act","Act[classCode=PCPR, moodCode=INT]","clinical.careprovision"
"CarePlan.id","","","",0,1,"","","Y","id
","Logical id of this artifact","The logical id of the resource, as used in the URL for the resource. Once assigned, this value never changes.","The only time that a resource does not have an id is when it is being submitted to the server using a create operation.","","","","","","","","",,,,,"",,,,"Resource.id",0,1,"",""
"CarePlan.meta","","","",0,1,"","","Y","Meta
","Metadata about the resource","The metadata about the resource. This is content that is maintained by the infrastructure. Changes to the content may not always be associated with version changes to the resource.","","","","","","","","","",,,,,"",,,,"Resource.meta",0,1,"",""
"CarePlan.implicitRules","","","",0,1,"","Y","Y","uri
","A set of rules under which this content was created","A reference to a set of rules that were followed when the resource was constructed, and which must be understood when processing the content.","Asserting this rule set restricts the content to be only understood by a limited set of trading partners. This inherently limits the usefulness of the data in the long term. However, the existing health eco-system is highly fractured, and not yet ready to define, collect, and exchange data in a generally computable sense. Wherever possible, implementers and/or specification writers should avoid using this element. 

This element is labelled as a modifier because the implicit rules may provide additional knowledge about the resource that modifies it's meaning or interpretation.","","","","","","","","",,,,,"",,,,"Resource.implicitRules",0,1,"",""
"CarePlan.language","","","",0,1,"","","","code
","Language of the resource content","The base language in which the resource is written.","Language is provided to support indexing and accessibility (typically, services such as text to speech use the language tag). The html language tag in the narrative applies  to the narrative. The language tag on the resource may be used to specify the language of other presentations generated from the data in the resource  Not all the content has to be in the base language. The Resource.language should not be assumed to apply to the narrative automatically. If a language is specified, it should it also be specified on the div element in the html (see rules in HTML5 for information about the relationship between xml:lang and the html lang attribute).","","","","","","","","",,"extensible","A human language.","http://hl7.org/fhir/ValueSet/languages","",,,,"Resource.language",0,1,"",""
"CarePlan.text","","narrative
htmlxhtmldisplay","",0,1,"","","","Narrative
","Text summary of the resource, for human interpretation","A human-readable narrative that contains a summary of the resource, and may be used to represent the content of the resource to a human. The narrative need not encode all the structured data, but is required to contain sufficient detail to make it ""clinically safe"" for a human to just read the narrative. Resource definitions may define what content should be represented in the narrative to ensure clinical safety.","Contained resources do not have narrative. Resources that are not contained SHOULD have a narrative. In some cases, a resource may only have text with little or no additional discrete data (as long as all minOccurs=1 elements are satisfied).  This may be necessary for data from legacy systems where information is captured as a ""text blob"" or where text is additionally entered raw or narrated and encoded in formation is added later.","","","","","","","","",,,,,"",,,,"DomainResource.text",0,1,"dom-1
","","Act.text?"
"CarePlan.contained","","inline resources
anonymous resourcescontained resources","",0,*,"","","","Resource
","Contained, inline Resources","These resources do not have an independent existence apart from the resource that contains them - they cannot be identified independently, and nor can they have their own independent transaction scope.","This should never be done when the content can be identified properly, as once identification is lost, it is extremely difficult (and context dependent) to restore it again.","","","","","","","","",,,,,"",,,,"DomainResource.contained",0,*,"","","N/A"
"CarePlan.extension","","extensions
user content","",0,*,"","","","Extension
","Additional Content defined by implementations","May be used to represent additional information that is not part of the basic definition of the resource. In order to make the use of extensions safe and manageable, there is a strict set of governance  applied to the definition and use of extensions. Though any implementer is allowed to define an extension, there is a set of requirements that SHALL be met as part of the definition of the extension.","There can be no stigma associated with the use of extensions by any application, project, or standard - regardless of the institution or jurisdiction that uses or defines the extensions.  The use of extensions is what allows the FHIR specification to retain a core level of simplicity for everyone.","","","","","","","","",,,,,"","value:url}
","",,"open","DomainResource.extension",0,*,"","","N/A"
"CarePlan.extension","specifictype","extensions
user content","",0,1,"","","","Extension {http://standardhealthrecord.org/fhir/StructureDefinition/shr-core-SpecificType-extension}
","","A code or description representing the concept represented by the instance at a specific level. For example, for a Condition, the concept is MTH#C0348080 (Condition) but the Value is the SpecificType, i.e. MTH#C0011849 (Diabetes Mellitus). For an observation, the SpecificType defines what is being observed, measured, or asked, as specifically as possible. The SpecificType should always align with the concept of the element, for example, a blood pressure observation can be coded as a sitting blood pressure or standing blood pressure, and may be from a different code system (e.g. LOINC versus MTH). In other cases, the SpecificType is the specific question being asked, or the specific goal being pursued.","There can be no stigma associated with the use of extensions by any application, project, or standard - regardless of the institution or jurisdiction that uses or defines the extensions.  The use of extensions is what allows the FHIR specification to retain a core level of simplicity for everyone.","","","","","","","","",,,,,"",,,,"DomainResource.extension",0,*,"","","N/A"
"CarePlan.extension","status","extensions
user content","",1,1,"","","","Extension {http://standardhealthrecord.org/fhir/StructureDefinition/shr-base-Status-extension}
","","The position of affairs at a particular time","There can be no stigma associated with the use of extensions by any application, project, or standard - regardless of the institution or jurisdiction that uses or defines the extensions.  The use of extensions is what allows the FHIR specification to retain a core level of simplicity for everyone.","","","","","","","","",,,,,"",,,,"DomainResource.extension",0,*,"","","N/A"
"CarePlan.extension.id","","","",0,1,"","","","string
","xml:id (or equivalent in JSON)","unique id for the element within a resource (for internal references). This may be any string value that does not contain spaces.","","","","","","","","","",,,,,"",,,,"Element.id",0,1,"","","N/A"
"CarePlan.extension.extension","extension","","",0,0,"","","","Extension
","Extension","An Extension","","","","","","","","","",,,,,"",,,,"Element.extension",0,*,"",""
"CarePlan.extension.url","","","",1,1,"","","","uri
","identifies the meaning of the extension","Source of the definition for the extension code - a logical name or a URL.","","","","","<valueUri xmlns=""http://hl7.org/fhir"" value=""http://standardhealthrecord.org/fhir/StructureDefinition/shr-base-Status-extension""/>","","","","",,,,,"",,,,"Extension.url",1,1,"","","N/A"
"CarePlan.extension.value[x]","","","",1,1,"","","","code
Coding {http://standardhealthrecord.org/fhir/StructureDefinition/shr-core-Coding}CodeableConcept {http://standardhealthrecord.org/fhir/StructureDefinition/shr-core-CodeableConcept}","Value of extension","Value of extension - may be a resource or one of a constrained set of the data types (see Extensibility in the spec for list).","","","","","","","","","",,"required","","http://hl7.org/fhir/ValueSet/care-plan-status","",,,,"Extension.value[x]",0,1,"","","N/A"
"CarePlan.extension","category","extensions
user content","",0,*,"","","","Extension {http://standardhealthrecord.org/fhir/StructureDefinition/shr-base-Category-extension}
","","A categorization of the action according its type, often a code that classifies the clinical discipline, department or diagnostic service that created the report (e.g. cardiology, biochemistry, hematology, MRI). This can be used for searching, sorting and display purposes.","There can be no stigma associated with the use of extensions by any application, project, or standard - regardless of the institution or jurisdiction that uses or defines the extensions.  The use of extensions is what allows the FHIR specification to retain a core level of simplicity for everyone.","","","","","","","","",,,,,"",,,,"DomainResource.extension",0,*,"","","N/A"
"CarePlan.extension.id","","","",0,1,"","","","string
","xml:id (or equivalent in JSON)","unique id for the element within a resource (for internal references). This may be any string value that does not contain spaces.","","","","","","","","","",,,,,"",,,,"Element.id",0,1,"","","N/A"
"CarePlan.extension.extension","extension","","",0,0,"","","","Extension
","Extension","An Extension","","","","","","","","","",,,,,"",,,,"Element.extension",0,*,"",""
"CarePlan.extension.url","","","",1,1,"","","","uri
","identifies the meaning of the extension","Source of the definition for the extension code - a logical name or a URL.","","","","","<valueUri xmlns=""http://hl7.org/fhir"" value=""http://standardhealthrecord.org/fhir/StructureDefinition/shr-base-Category-extension""/>","","","","",,,,,"",,,,"Extension.url",1,1,"","","N/A"
"CarePlan.extension.valueCodeableConcept","","","",1,1,"","","","CodeableConcept {http://standardhealthrecord.org/fhir/StructureDefinition/shr-core-CodeableConcept}
","Value of extension","Value of extension - may be a resource or one of a constrained set of the data types (see Extensibility in the spec for list).","","","","","","","","","",,"required","","http://hl7.org/fhir/ValueSet/care-plan-category","",,,,"Extension.value[x]",0,1,"","","N/A"
"CarePlan.extension","reason","extensions
user content","",0,*,"","","","Extension {http://standardhealthrecord.org/fhir/StructureDefinition/shr-core-Reason-extension}
","","The justification for an action or non-action, conclusion, opinion, etc.","There can be no stigma associated with the use of extensions by any application, project, or standard - regardless of the institution or jurisdiction that uses or defines the extensions.  The use of extensions is what allows the FHIR specification to retain a core level of simplicity for everyone.","","","","","","","","",,,,,"",,,,"DomainResource.extension",0,*,"","","N/A"
"CarePlan.extension","occurrencetime","extensions
user content","",0,1,"","","","Extension {http://standardhealthrecord.org/fhir/StructureDefinition/shr-core-OccurrenceTime-extension}
","","The point in time or span of time in which something happens.","There can be no stigma associated with the use of extensions by any application, project, or standard - regardless of the institution or jurisdiction that uses or defines the extensions.  The use of extensions is what allows the FHIR specification to retain a core level of simplicity for everyone.","","","","","","","","",,,,,"",,,,"DomainResource.extension",0,*,"","","N/A"
"CarePlan.extension","participant","extensions
user content","",0,*,"","","","Extension {http://standardhealthrecord.org/fhir/StructureDefinition/shr-actor-Participant-extension}
","","A statement about an actor who did (or did not) participate in a certain task or activity. Unlike a HealthcareInvolvement which continues over period of time, the participant is associated with doing or not doing a specific task, such admitting a patient, performing a procedure, or taking a measurement.","There can be no stigma associated with the use of extensions by any application, project, or standard - regardless of the institution or jurisdiction that uses or defines the extensions.  The use of extensions is what allows the FHIR specification to retain a core level of simplicity for everyone.","","","","","","","","",,,,,"",,,,"DomainResource.extension",0,*,"","","N/A"
"CarePlan.extension","title","extensions
user content","",0,1,"","","","Extension {http://standardhealthrecord.org/fhir/StructureDefinition/shr-core-Title-extension}
","","A distinguishing word or group of words naming an item.","There can be no stigma associated with the use of extensions by any application, project, or standard - regardless of the institution or jurisdiction that uses or defines the extensions.  The use of extensions is what allows the FHIR specification to retain a core level of simplicity for everyone.","","","","","","","","",,,,,"",,,,"DomainResource.extension",0,*,"","","N/A"
"CarePlan.extension","description","extensions
user content","",0,1,"","","","Extension {http://standardhealthrecord.org/fhir/StructureDefinition/shr-core-Description-extension}
","","An account, representation, statement, or explanation of something.","There can be no stigma associated with the use of extensions by any application, project, or standard - regardless of the institution or jurisdiction that uses or defines the extensions.  The use of extensions is what allows the FHIR specification to retain a core level of simplicity for everyone.","","","","","","","","",,,,,"",,,,"DomainResource.extension",0,*,"","","N/A"
"CarePlan.extension","goal","extensions
user content","",1,*,"","","","Extension {http://standardhealthrecord.org/fhir/StructureDefinition/shr-careplan-Goal-extension}
","","A broad statement about what should be accomplished and the progress towards that goal. It represents the intended long-term outcome toward which an individual or a group aspires, and toward which, effort is directed, in the form of activities.","There can be no stigma associated with the use of extensions by any application, project, or standard - regardless of the institution or jurisdiction that uses or defines the extensions.  The use of extensions is what allows the FHIR specification to retain a core level of simplicity for everyone.","","","","","","","","",,,,,"",,,,"DomainResource.extension",0,*,"","","N/A"
"CarePlan.extension","action","extensions
user content","",1,*,"","","","Extension {http://standardhealthrecord.org/fhir/StructureDefinition/shr-base-Action-extension}
","","A deed or endeavor; an action taken to address a undesired health state, behavior, risk, or goal. An action can have various contexts: definitional, occurred/not occurred, ordered/not ordered, recommended/recommended against.","There can be no stigma associated with the use of extensions by any application, project, or standard - regardless of the institution or jurisdiction that uses or defines the extensions.  The use of extensions is what allows the FHIR specification to retain a core level of simplicity for everyone.","","","","","","","","",,,,,"",,,,"DomainResource.extension",0,*,"","","N/A"
"CarePlan.modifierExtension","","extensions
user content","",0,*,"","Y","","Extension
","Extensions that cannot be ignored","May be used to represent additional information that is not part of the basic definition of the resource, and that modifies the understanding of the element that contains it. Usually modifier elements provide negation or qualification. In order to make the use of extensions safe and manageable, there is a strict set of governance applied to the definition and use of extensions. Though any implementer is allowed to define an extension, there is a set of requirements that SHALL be met as part of the definition of the extension. Applications processing a resource are required to check for modifier extensions.","There can be no stigma associated with the use of extensions by any application, project, or standard - regardless of the institution or jurisdiction that uses or defines the extensions.  The use of extensions is what allows the FHIR specification to retain a core level of simplicity for everyone.","","","","","","","","",,,,,"","value:url}
","",,"open","DomainResource.modifierExtension",0,*,"","","N/A"
"CarePlan.modifierExtension","nonoccurrencemodifier","extensions
user content","",0,1,"Y","Y","","Extension {http://standardhealthrecord.org/fhir/StructureDefinition/shr-base-NonOccurrenceModifier-extension}
","","When true, indicates either that the event or action documented in the entry did not occur. For example, if immunization is not given, the NonOccurrenceModifier=true will indicate this.
When applied to a recommendation, the modifier indicates the action mentioned in the topic should not take place. For example, a request to NOT elevate the head of a bed using the code for elevating the bed, and setting ProhibitedModifier to true. Other examples include do not ambulate, do not flush NG tube, do not take blood pressure on a certain arm, etc. If the SpecificType contains negation and ProhibitedModifier is true, that will reinforce the prohibition, and should not be interpreted as a double negative that equals a positive.","There can be no stigma associated with the use of extensions by any application, project, or standard - regardless of the institution or jurisdiction that uses or defines the extensions.  The use of extensions is what allows the FHIR specification to retain a core level of simplicity for everyone.","","","","","","","","",,,,,"",,,,"DomainResource.modifierExtension",0,*,"","","N/A"
"CarePlan.identifier","","","",0,*,"","","Y","Identifier
","External Ids for this plan","This records identifiers associated with this care plan that are defined by business processes and/or used to refer to it when a direct URL reference to the resource itself is not appropriate (e.g. in CDA documents, or in written / printed documentation).","","Need to allow connection to a wider workflow.","","","","","","","",,,,,"",,,,"",0,null,"","","Request.identifier",".id","id","PTH-3"
"CarePlan.definition","","","",0,*,"","","Y","Reference {http://hl7.org/fhir/StructureDefinition/PlanDefinition}
Reference {http://hl7.org/fhir/StructureDefinition/Questionnaire}","Protocol or definition","Identifies the protocol, questionnaire, guideline or other specification the care plan should be conducted in accordance with.","","","","","","","","","",,,,,"",,,,"",0,null,"","","Request.definition"
"CarePlan.basedOn","","fulfills
","",0,0,"","","Y","Reference {http://hl7.org/fhir/StructureDefinition/CarePlan}
","Fulfills care plan","A care plan that is fulfilled in whole or in part by this care plan.","","Allows tracing of the care plan and tracking whether proposals/recommendations were acted upon.","","","","","","","",,,,,"",,,,"",0,null,"","","Request.basedOn"
"CarePlan.replaces","","supersedes
","",0,0,"","","Y","Reference {http://hl7.org/fhir/StructureDefinition/CarePlan}
","CarePlan replaced by this CarePlan","Completed or terminated care plan whose function is taken by this new care plan.","The replacement could be because the initial care plan was immediately rejected (due to an issue) or because the previous care plan was completed, but the need for the action described by the care plan remains ongoing.","Allows tracing the continuation of a therapy or administrative process instantiated through multiple care plans.","","","","","","","",,,,,"",,,,"",0,null,"","","Request.replaces"
"CarePlan.partOf","","","",0,0,"","","Y","Reference {http://hl7.org/fhir/StructureDefinition/CarePlan}
","Part of referenced CarePlan","A larger care plan of which this particular care plan is a component or step.","Each care plan is an independent request, such that having a care plan be part of another care plan can cause issues with cascading statuses.  As such, this element is still being discussed.","","","","","","","","",,,,,"",,,,"",0,null,"",""
"CarePlan.status","","","",1,1,"","Y","Y","code
","draft | active | suspended | completed | entered-in-error | cancelled | unknown","Indicates whether the plan is currently being acted upon, represents future intentions or is now a historical record.","The unknown code is not to be used to convey other statuses.  The unknown code should be used when one of the statuses applies, but the authoring system doesn't know the current state of the care plan.

This element is labeled as a modifier because the status contains the code entered-in-error] that marks the plan as not currently valid.","Allows clinicians to determine whether the plan is actionable or not.","","","","","","","",,"required","Indicates whether the plan is currently being acted upon, represents future intentions or is now a historical record.","http://hl7.org/fhir/ValueSet/care-plan-status","",,,,"",0,null,"","","Request.status (uses different ValueSet)",".statusCode planned = new active = active completed = completed","status","PTH-5"
"CarePlan.intent","","","",1,1,"","Y","Y","code
","proposal | plan | order | option","Indicates the level of authority/intentionality associated with the care plan and where the care plan fits into the workflow chain.","This element is labeled as a modifier because the intent alters when and how the resource is actually applicable.","Proposals/recommendations, plans and orders all use the same structure and can exist in the same fulfillment chain.","","","","","","","",,"required","Codes indicating the degree of authority/intentionality associated with a care plan","http://hl7.org/fhir/ValueSet/care-plan-intent","",,,,"",0,null,"","","Request.intent"
"CarePlan.category","","","",0,*,"","","Y","CodeableConcept
","Type of plan","Identifies what ""kind"" of plan this is to support differentiation between multiple co-existing plans; e.g. ""Home health"", ""psychiatric"", ""asthma"", ""disease management"", ""wellness plan"", etc.","There may be multiple axis of categorization and one plan may serve multiple purposes.  In some cases, this may be redundant with references to CarePlan.concern.","Used for filtering what plan(s) are retrieved and displayed to different types of users.","","","","","","","",,"example","Identifies what ""kind"" of plan this is to support differentiation between multiple co-existing plans; e.g. ""Home health"", ""psychiatric"", ""asthma"", ""disease management"", etc.","http://hl7.org/fhir/ValueSet/care-plan-category","",,,,"",0,null,"","","Request.supportingInfo","class"
"CarePlan.title","","","",0,1,"","","Y","string
","Human-friendly name for the CarePlan","Human-friendly name for the CarePlan.","","","","","","","","","",,,,,"",,,,"",0,null,"",""
"CarePlan.description","","","",0,1,"","","Y","string
","Summary of nature of plan","A description of the scope and nature of the plan.","","Provides more detail than conveyed by category.","","","","","","","",,,,,"",,,,"",0,null,"","","what"
"CarePlan.subject","","patient
","",1,1,"","","Y","Reference {http://hl7.org/fhir/StructureDefinition/Patient}
Reference {http://hl7.org/fhir/StructureDefinition/Group}","Who care plan is for","Identifies the patient or group whose intended care is described by the plan.","","","","","","","","","",,,,,"",,,,"",0,null,"","","Request.subject",".participation[typeCode=PAT].role[classCode=PAT]","who.focus","PID-3"
"CarePlan.context","","encounter
","",0,1,"","","Y","Reference {http://hl7.org/fhir/StructureDefinition/Encounter}
Reference {http://hl7.org/fhir/StructureDefinition/EpisodeOfCare}","Created in context of","Identifies the original context in which this particular CarePlan was created.","Activities conducted as a result of the care plan may well occur as part of other encounters/episodes.","","","","","","","","",,,,,"",,,,"",0,null,"","","Request.context",".","context","Associated PV1"
"CarePlan.period","","timing
","",0,1,"","","Y","Period
","Time period plan covers","Indicates when the plan did (or is intended to) come into effect and end.","Any activities scheduled as part of the plan should be constrained to the specified period regardless of whether the activities are planned within a single encounter/episode or across multiple encounters/episodes (e.g. the longitudinal management of a chronic condition).","Allows tracking what plan(s) are in effect at a particular time.","","","","","","","",,,,,"",,,,"",0,null,"","","Request.occurrencePeriod",".effectiveTime","when.init","GOL-7 / GOL-8"
"CarePlan.author","","","",0,*,"","","Y","Reference {http://hl7.org/fhir/StructureDefinition/Patient}
Reference {http://hl7.org/fhir/StructureDefinition/Practitioner}Reference {http://hl7.org/fhir/StructureDefinition/RelatedPerson}Reference {http://hl7.org/fhir/StructureDefinition/Organization}Reference {http://hl7.org/fhir/StructureDefinition/CareTeam}","Who is responsible for contents of the plan","Identifies the individual(s) or ogranization who is responsible for the content of the care plan.","Collaborative care plans may have multiple authors.","","","","","","","","",,,,,"",,,,"",0,null,"","","Request.requester.agent (if only one author)","who.source"
"CarePlan.careTeam","","","",0,*,"","","","Reference {http://hl7.org/fhir/StructureDefinition/CareTeam}
","Who's involved in plan?","Identifies all people and organizations who are expected to be involved in the care envisioned by this plan.","","Allows representation of care teams, helps scope care plan.  In some cases may be a determiner of access permissions.","","","","","","","",,,,,"",,,,"",0,null,"","","Request.performer (similar but does not entail CareTeam)","who.actor"
"CarePlan.addresses","","","",0,*,"","","Y","Reference {http://hl7.org/fhir/StructureDefinition/Condition}
","Health issues this plan addresses","Identifies the conditions/problems/concerns/diagnoses/etc. whose management and/or mitigation are handled by this plan.","","Links plan to the conditions it manages.  The element can identify risks addressed by the plan as well as active conditions.  (The Condition resource can include things like ""at risk for hypertension"" or ""fall risk"".)  Also scopes plans - multiple plans may exist addressing different concerns.","","","","","","","",,,,,"",,,,"",0,null,"","","Request.reasonReference",".actRelationship[typeCode=SUBJ].target[classCode=CONC, moodCode=EVN]","why","PRB-4"
"CarePlan.supportingInfo","","","",0,0,"","","","Reference {http://hl7.org/fhir/StructureDefinition/Resource}
","Information considered as part of plan","Identifies portions of the patient's record that specifically influenced the formation of the plan.  These might include co-morbidities, recent procedures, limitations, recent assessments, etc.","Use ""concern"" to identify specific conditions addressed by the care plan.","Identifies barriers and other considerations associated with the care plan.","","","","","","","",,,,,"",,,,"",0,null,"","","Request.supportingInfo"
"CarePlan.goal","","","",0,*,"","","","Reference {http://hl7.org/fhir/StructureDefinition/Goal}
","Desired outcome of plan","Describes the intended objective(s) of carrying out the care plan.","Goal can be achieving a particular change or merely maintaining a current state or even slowing a decline.","Provides context for plan.  Allows plan effectiveness to be evaluated by clinicians.","","","","","","","",,,,,"",,,,"",0,null,"","",".outboundRelationship[typeCode<=OBJ].","GOL.1"
"CarePlan.activity","","","",0,*,"","","","BackboneElement
","Action to occur as part of plan","Identifies a planned action to occur as part of the plan.  For example, a medication to be used, lab tests to perform, self-monitoring, education, etc.","","Allows systems to prompt for performance of planned activities, and validate plans against best practice.","","","","","","","",,,,,"",,,,"",0,null,"","ele-1:All FHIR elements must have a @value or children {children().count() > id.count()}
cpl-3:Provide a reference or detail, not both {detail.empty() or reference.empty()}","no mapping
NOTE: This is a list of contained Request-Event tuples!",".outboundRelationship[typeCode=COMP].target"
"CarePlan.activity.id","","","",0,1,"","","","string
","xml:id (or equivalent in JSON)","unique id for the element within a resource (for internal references). This may be any string value that does not contain spaces.","","","","","","","","","",,,,,"",,,,"Element.id",0,1,"","","n/a"
"CarePlan.activity.extension","","extensions
user content","",0,*,"","","","Extension
","Additional Content defined by implementations","May be used to represent additional information that is not part of the basic definition of the element. In order to make the use of extensions safe and manageable, there is a strict set of governance  applied to the definition and use of extensions. Though any implementer is allowed to define an extension, there is a set of requirements that SHALL be met as part of the definition of the extension.","There can be no stigma associated with the use of extensions by any application, project, or standard - regardless of the institution or jurisdiction that uses or defines the extensions.  The use of extensions is what allows the FHIR specification to retain a core level of simplicity for everyone.","","","","","","","","",,,,,"",,,,"Element.extension",0,*,"","","n/a"
"CarePlan.activity.modifierExtension","","extensions
user contentmodifiers","",0,*,"","Y","Y","Extension
","Extensions that cannot be ignored","May be used to represent additional information that is not part of the basic definition of the element, and that modifies the understanding of the element that contains it. Usually modifier elements provide negation or qualification. In order to make the use of extensions safe and manageable, there is a strict set of governance applied to the definition and use of extensions. Though any implementer is allowed to define an extension, there is a set of requirements that SHALL be met as part of the definition of the extension. Applications processing a resource are required to check for modifier extensions.","There can be no stigma associated with the use of extensions by any application, project, or standard - regardless of the institution or jurisdiction that uses or defines the extensions.  The use of extensions is what allows the FHIR specification to retain a core level of simplicity for everyone.","","","","","","","","",,,,,"",,,,"BackboneElement.modifierExtension",0,*,"","","N/A"
"CarePlan.activity.outcomeCodeableConcept","","","",0,*,"","","","CodeableConcept
","Results of the activity","Identifies the outcome at the point when the status of the activity is assessed.  For example, the outcome of an education activity could be patient understands (or not).","Note that this should not duplicate the activity status (e.g. completed or in progress).","","","","","","","","",,"example","Identifies the results of the activity","http://hl7.org/fhir/ValueSet/care-plan-activity-outcome","",,,,"",0,null,"",""
"CarePlan.activity.outcomeReference","","","",0,*,"","","","Reference {http://hl7.org/fhir/StructureDefinition/Resource}
","Appointment, Encounter, Procedure, etc.","Details of the outcome or action resulting from the activity.  The reference to an ""event"" resource, such as Procedure or Encounter or Observation, is the result/outcome of the activity itself.  The activity can be conveyed using CarePlan.activity.detail OR using the CarePlan.activity.reference (a reference to a “request” resource).","The activity outcome is independent of the outcome of the related goal(s).  For example, if the goal is to achieve a target body weight of 150 lb and an activity is defined to diet, then the activity outcome could be calories consumed whereas the goal outcome is an observation for the actual body weight measured.","Links plan to resulting actions.","","","","","","","",,,,,"",,,,"",0,null,"","","Event that is outcome of Request in activity.reference",".inboundRelationship[typeCode=FLFS].source"
"CarePlan.activity.progress","","","",0,*,"","","","Annotation
","Comments about the activity status/progress","Notes about the adherence/status/progress of the activity.","This element should NOT be used to describe the activity to be performed - that occurs either within the resource pointed to by activity.detail.reference or in activity.detail.description.","Can be used to capture information about adherence, progress, concerns, etc.","","","","","","","",,,,,"",,,,"",0,null,"","","Event.status (Annotation instead of CodableConcept)",".inboundRelationship[typeCode=SUBJ].source[classCode=OBS, moodCode=EVN, code=""annotation""].value","NTE?"
"CarePlan.activity.reference","","","",0,1,"","","","Reference {http://hl7.org/fhir/StructureDefinition/Appointment}
Reference {http://hl7.org/fhir/StructureDefinition/CommunicationRequest}Reference {http://hl7.org/fhir/StructureDefinition/DeviceRequest}Reference {http://hl7.org/fhir/StructureDefinition/MedicationRequest}Reference {http://hl7.org/fhir/StructureDefinition/NutritionOrder}Reference {http://hl7.org/fhir/StructureDefinition/Task}Reference {http://hl7.org/fhir/StructureDefinition/ProcedureRequest}Reference {http://hl7.org/fhir/StructureDefinition/ReferralRequest}Reference {http://hl7.org/fhir/StructureDefinition/VisionPrescription}Reference {http://hl7.org/fhir/StructureDefinition/RequestGroup}","Activity details defined in specific resource","The details of the proposed activity represented in a specific resource.","Standard extension exists ([goal-pertainstogoal](extension-goal-pertainstogoal.html)) that allows goals to be referenced from any of the referenced resources in CarePlan.activity.reference.  The goal should be visible when the resource referenced by CarePlan.activity.reference is viewed indepedently from the CarePlan.  Requests that are pointed to by a CarePlan using this element should *not* point to this CarePlan using the ""basedOn"" element.  i.e. Requests that are part of a CarePlan are not ""based on"" the CarePlan.","Details in a form consistent with other applications and contexts of use.","","","","","","","",,,,,"",,,,"",0,null,"cpl-3
","","Request that resulted in Event in activity.actionResulting",".outboundRelationship[typeCode=COMP].target"
"CarePlan.activity.detail","","","",0,1,"","","","BackboneElement
","In-line definition of activity","A simple summary of a planned activity suitable for a general care plan system (e.g. form driven) that doesn't know about specific resources such as procedure etc.","","Details in a simple form for generic care plan systems.","","","","","","","",,,,,"",,,,"",0,null,"cpl-3
","ele-1:All FHIR elements must have a @value or children {children().count() > id.count()}
",".outboundRelationship[typeCode=COMP, subsetCode=SUMM].target"
"CarePlan.activity.detail.id","","","",0,1,"","","","string
","xml:id (or equivalent in JSON)","unique id for the element within a resource (for internal references). This may be any string value that does not contain spaces.","","","","","","","","","",,,,,"",,,,"Element.id",0,1,"","","n/a"
"CarePlan.activity.detail.extension","","extensions
user content","",0,*,"","","","Extension
","Additional Content defined by implementations","May be used to represent additional information that is not part of the basic definition of the element. In order to make the use of extensions safe and manageable, there is a strict set of governance  applied to the definition and use of extensions. Though any implementer is allowed to define an extension, there is a set of requirements that SHALL be met as part of the definition of the extension.","There can be no stigma associated with the use of extensions by any application, project, or standard - regardless of the institution or jurisdiction that uses or defines the extensions.  The use of extensions is what allows the FHIR specification to retain a core level of simplicity for everyone.","","","","","","","","",,,,,"",,,,"Element.extension",0,*,"","","n/a"
"CarePlan.activity.detail.modifierExtension","","extensions
user contentmodifiers","",0,*,"","Y","Y","Extension
","Extensions that cannot be ignored","May be used to represent additional information that is not part of the basic definition of the element, and that modifies the understanding of the element that contains it. Usually modifier elements provide negation or qualification. In order to make the use of extensions safe and manageable, there is a strict set of governance applied to the definition and use of extensions. Though any implementer is allowed to define an extension, there is a set of requirements that SHALL be met as part of the definition of the extension. Applications processing a resource are required to check for modifier extensions.","There can be no stigma associated with the use of extensions by any application, project, or standard - regardless of the institution or jurisdiction that uses or defines the extensions.  The use of extensions is what allows the FHIR specification to retain a core level of simplicity for everyone.","","","","","","","","",,,,,"",,,,"BackboneElement.modifierExtension",0,*,"","","N/A"
"CarePlan.activity.detail.category","","","",0,1,"","","","CodeableConcept
","diet | drug | encounter | observation | procedure | supply | other","High-level categorization of the type of activity in a care plan.","","May determine what types of extensions are permitted.","","","","","","","",,"example","High-level categorization of the type of activity in a care plan.","http://hl7.org/fhir/ValueSet/care-plan-activity-category","",,,,"",0,null,"","","Request.supportingInformation",".inboundRelationship[typeCode=COMP].source[classCode=LIST].code"
"CarePlan.activity.detail.definition","","","",0,1,"","","","Reference {http://hl7.org/fhir/StructureDefinition/PlanDefinition}
Reference {http://hl7.org/fhir/StructureDefinition/ActivityDefinition}Reference {http://hl7.org/fhir/StructureDefinition/Questionnaire}","Protocol or definition","Identifies the protocol, questionnaire, guideline or other specification the planned activity should be conducted in accordance with.","","Allows Questionnaires that the patient (or practitioner) should fill in to fulfill the care plan activity.","","","","","","","",,,,,"",,,,"",0,null,"","","Request.definition"
"CarePlan.activity.detail.code","","","",0,1,"","","","CodeableConcept
","Detail type of activity","Detailed description of the type of planned activity; e.g. What lab test, what procedure, what kind of encounter.","Tends to be less relevant for activities involving particular products.  Codes should not convey negation - use ""prohibited"" instead.","Allows matching performed to planned as well as validation against protocols.","","","","","","","",,"example","Detailed description of the type of activity; e.g. What lab test, what procedure, what kind of encounter.","http://hl7.org/fhir/ValueSet/care-plan-activity","",,,,"",0,null,"","","Request.code",".code","OBR-4 / RXE-2 / RXO-1  / RXD-2"
"CarePlan.activity.detail.reasonCode","","","",0,*,"","","","CodeableConcept
","Why activity should be done or why activity was prohibited","Provides the rationale that drove the inclusion of this particular activity as part of the plan or the reason why the activity was prohibited.","This could be a diagnosis code.  If a full condition record exists or additional detail is needed, use reasonCondition instead.","","","","","","","","",,"example","Identifies why a care plan activity is needed.  Can include any health condition codes as well as such concepts as ""general wellness"", prophylaxis, surgical preparation, etc.","http://hl7.org/fhir/ValueSet/activity-reason","",,,,"",0,null,"","","Request.reasonCode"
"CarePlan.activity.detail.reasonReference","","","",0,*,"","","","Reference {http://hl7.org/fhir/StructureDefinition/Condition}
","Condition triggering need for activity","Provides the health condition(s) that drove the inclusion of this particular activity as part of the plan.","Conditions can be identified at the activity level that are not identified as reasons for the overall plan.","","","","","","","","",,,,,"",,,,"",0,null,"","","Request.reasonReference"
"CarePlan.activity.detail.goal","","","",0,*,"","","","Reference {http://hl7.org/fhir/StructureDefinition/Goal}
","Goals this activity relates to","Internal reference that identifies the goals that this activity is intended to contribute towards meeting.","","So that participants know the link explicitly.","","","","","","","",,,,,"",,,,"",0,null,"","","Request.goal",".outboundRelationship[typeCode<=OBJ]."
"CarePlan.activity.detail.status","","","",1,1,"","Y","","code
","not-started | scheduled | in-progress | on-hold | completed | cancelled | unknown","Identifies what progress is being made for the specific activity.","Some aspects of status can be inferred based on the resources linked in actionTaken.  Note that ""status"" is only as current as the plan was most recently updated.  
The unknown code is not to be used to convey other statuses.  The unknown code should be used when one of the statuses applies, but the authoring system doesn't know the current state of the activity.","Indicates progress against the plan, whether the activity is still relevant for the plan.","","","","","","","",,"required","Indicates where the activity is at in its overall life cycle.","http://hl7.org/fhir/ValueSet/care-plan-activity-status","",,,,"",0,null,"","","Request.status (uses different ValueSet)",".statusCode not-started = new scheduled = not-started (and fulfillment relationship to appointent) in-progress = active on-hold = suspended completed = completed cancelled = aborted","ORC-5?"
"CarePlan.activity.detail.statusReason","","","",0,1,"","","","string
","Reason for current status","Provides reason why the activity isn't yet started, is on hold, was cancelled, etc.","Will generally not be present if status is ""complete"".  Be sure to prompt to update this (or at least remove the existing value) if the status is changed.","","","","","","","","",,,,,"",,,,"",0,null,"",""
"CarePlan.activity.detail.prohibited","","","",0,1,"","Y","","boolean
","Do NOT do","If true, indicates that the described activity is one that must NOT be engaged in when following the plan.  If false, indicates that the described activity is one that should be engaged in when following the plan.","This element is labeled as a modifier because it marks an activity as an activity that is not to be performed.","Captures intention to not do something that may have been previously typical.","<valueBoolean xmlns=""http://hl7.org/fhir"" value=""false""/>","","","","","","",,,,,"",,,,"",0,null,"","","actionNegationInd"
"CarePlan.activity.detail.scheduled[x]","","","",0,1,"","","","Timing
Periodstring","When activity is to occur","The period, timing or frequency upon which the described activity is to occur.","","Allows prompting for activities and detection of missed planned activities.","","","","","","","",,,,,"",,,,"",0,null,"","","Request.occurrence",".effectiveTime","TQ1"
"CarePlan.activity.detail.location","","","",0,1,"","","","Reference {http://hl7.org/fhir/StructureDefinition/Location}
","Where it should happen","Identifies the facility where the activity will occur; e.g. home, hospital, specific clinic, etc.","May reference a specific clinical location or may identify a type of location.","Helps in planning of activity.","","","","","","","",,,,,"",,,,"",0,null,"","",".participation[typeCode=LOC].role","OBR-24(???!!)"
"CarePlan.activity.detail.performer","","","",0,*,"","","","Reference {http://hl7.org/fhir/StructureDefinition/Practitioner}
Reference {http://hl7.org/fhir/StructureDefinition/Organization}Reference {http://hl7.org/fhir/StructureDefinition/RelatedPerson}Reference {http://hl7.org/fhir/StructureDefinition/Patient}Reference {http://hl7.org/fhir/StructureDefinition/CareTeam}","Who will be responsible?","Identifies who's expected to be involved in the activity.","A performer MAY also be a participant in the care plan.","Helps in planning of activity.","","","","","","","",,,,,"",,,,"",0,null,"","","Request.performer",".participation[typeCode=PFM]","PRT-5 : ( PRV-4 e {provider participations} ) / PRT-5 : ( PRV-4 e {non-provider person participations} ) / PRT-5 : ( PRV-4 = (patient non-subject of care) ) / PRT-8"
"CarePlan.activity.detail.product[x]","","","",0,1,"","","","CodeableConcept
Reference {http://hl7.org/fhir/StructureDefinition/Medication}Reference {http://hl7.org/fhir/StructureDefinition/Substance}","What is to be administered/supplied","Identifies the food, drug or other product to be consumed or supplied in the activity.","","","","","","","","","",,"example","A product supplied or administered as part of a care plan activity.","http://hl7.org/fhir/ValueSet/medication-codes","",,,,"",0,null,"","",".participation[typeCode=PRD].role","RXE-2 / RXO-1 / RXD-2"
"CarePlan.activity.detail.dailyAmount","","daily dose
","",0,1,"","","","Quantity {http://hl7.org/fhir/StructureDefinition/SimpleQuantity}
","How to consume/day?","Identifies the quantity expected to be consumed in a given day.","","Allows rough dose checking.","","","","","","","",,,,,"",,,,"",0,null,"","",".outboundRelationship[typeCode=COMP][classCode=SBADM].doseQuantity","RXO-23 / RXE-19 / RXD-12"
"CarePlan.activity.detail.quantity","","","",0,1,"","","","Quantity {http://hl7.org/fhir/StructureDefinition/SimpleQuantity}
","How much to administer/supply/consume","Identifies the quantity expected to be supplied, administered or consumed by the subject.","","","","","","","","","",,,,,"",,,,"",0,null,"","",".outboundRelationship[typeCode=COMP][classCode=SPLY].quantity","RXO-11 / RXE-10 / RXD-4 / RXG-5 / RXA-6 /  TQ1-2.1  *and*  RXO-12 /  RXE-11 / RXD-5 / RXG-7 / RXA-7 / TQ1-2.2"
"CarePlan.activity.detail.description","","","",0,1,"","","","string
","Extra info describing activity to perform","This provides a textual description of constraints on the intended activity occurrence, including relation to other activities.  It may also include objectives, pre-conditions and end-conditions.  Finally, it may convey specifics about the activity such as body site, method, route, etc.","","","","","","","","","",,,,,"",,,,"",0,null,"","","Request.note",".text","NTE?"
"CarePlan.note","","","",0,*,"","","","Annotation
","Comments about the plan","General notes about the care plan not covered elsewhere.","","Used to capture information that applies to the plan as a whole that doesn't fit into discrete elements.","","","","","","","",,,,,"",,,,"",0,null,"","","Request.note",".inboundRelationship[typeCode=SUBJ].source[classCode=OBS, moodCode=EVN, code=""annotation""].value","NTE?"
